order,time,runtime,pipeline,default_hp,f1_macro,accuracy,neg_log_loss,new_best,evaluation_report,status,exception,data-pre-processor_class,data-pre-processor_hps,feature-pre-processor_class,feature-pre-processor_hps,learner_class,learner_hps
125,1784637104.0165,2.9166412353515625,"Pipeline(steps=[('feature-pre-processor', SelectPercentile(percentile=42)),
                ('learner',
                 RandomForestClassifier(bootstrap=False, criterion='entropy',
                                        max_features=11, min_samples_leaf=14,
                                        min_samples_split=8, n_estimators=512,
                                        warm_start=True))])",False,0.7547,0.7554,-0.5542,True,"{'f1_macro': [0.8916129032258064, 0.6804939224387421, 0.7078260869565217, 0.8916129032258064, 0.6804939224387421, 0.6762049831356762], 'accuracy': [0.8928571428571429, 0.6805555555555556, 0.7083333333333334, 0.8928571428571429, 0.6805555555555556, 0.6770833333333334], 'neg_log_loss': [-0.47484370245653845, -0.6010279859266353, -0.5870986303379544, -0.47788726641000084, -0.60175842948468, -0.5823603693340038]}",ok,,,,sklearn.feature_selection._univariate_selection.SelectPercentile,"{'percentile': 42.5097567924566, 'score_func': 'f_classif'}",sklearn.ensemble._forest.RandomForestClassifier,"{'bootstrap': 'False', 'criterion': 'entropy', 'max_depth': 'None', 'max_features': 0.3714377846108, 'max_leaf_nodes': 'None', 'min_impurity_decrease': 0.0, 'min_samples_leaf': 14, 'min_samples_split': 8, 'min_weight_fraction_leaf': 0.0}"
30,1784636483.728273,0.7866315841674805,"Pipeline(steps=[('feature-pre-processor', SelectPercentile()),
                ('learner', RandomForestClassifier())])",True,0.7493,0.7502,-0.5363,True,"{'f1_macro': [0.8541666666666667, 0.6799999999999999, 0.6873643074250977, 0.9282051282051282, 0.6377708978328174, 0.7083333333333334], 'accuracy': [0.8571428571428571, 0.6805555555555556, 0.6875, 0.9285714285714286, 0.6388888888888888, 0.7083333333333334], 'neg_log_loss': [-0.46330339969599393, -0.5979316618067136, -0.5390376978643452, -0.46289689260167555, -0.6070989078964764, -0.5475531313590223]}",ok,,,,sklearn.feature_selection._univariate_selection.SelectPercentile,,sklearn.ensemble._forest.RandomForestClassifier,
47,1784636599.2056406,4.3663575649261475,"Pipeline(steps=[('feature-pre-processor', SelectPercentile(percentile=37)),
                ('learner',
                 RandomForestClassifier(bootstrap=False, criterion='entropy',
                                        max_features=35, min_samples_leaf=20,
                                        min_samples_split=4, n_estimators=512,
                                        warm_start=True))])",False,0.74,0.7409,-0.5468,True,"{'f1_macro': [0.8916129032258064, 0.6521739130434783, 0.6762049831356762, 0.8916129032258064, 0.6521739130434783, 0.6762049831356762], 'accuracy': [0.8928571428571429, 0.6527777777777778, 0.6770833333333334, 0.8928571428571429, 0.6527777777777778, 0.6770833333333334], 'neg_log_loss': [-0.44095960025786946, -0.6074176682630682, -0.59004983437544, -0.44665446729115527, -0.6032144721267034, -0.5924078671689097]}",ok,,,,sklearn.feature_selection._univariate_selection.SelectPercentile,"{'percentile': 37.0692240831297, 'score_func': 'f_classif'}",sklearn.ensemble._forest.RandomForestClassifier,"{'bootstrap': 'False', 'criterion': 'entropy', 'max_depth': 'None', 'max_features': 0.5377106591758, 'max_leaf_nodes': 'None', 'min_impurity_decrease': 0.0, 'min_samples_leaf': 20, 'min_samples_split': 4, 'min_weight_fraction_leaf': 0.0}"
113,1784637041.9892442,4.447054386138916,"Pipeline(steps=[('feature-pre-processor', SelectPercentile(percentile=37)),
                ('learner',
                 RandomForestClassifier(max_features=31, min_samples_leaf=4,
                                        min_samples_split=4, n_estimators=512,
                                        warm_start=True))])",False,0.7399,0.7407,-0.539,True,"{'f1_macro': [0.8541666666666667, 0.6527107852595022, 0.6873643074250977, 0.8916129032258064, 0.6664092664092665, 0.6869565217391305], 'accuracy': [0.8571428571428571, 0.6527777777777778, 0.6875, 0.8928571428571429, 0.6666666666666666, 0.6875], 'neg_log_loss': [-0.44746473577292034, -0.5870817851941338, -0.5820105885474837, -0.45339468696830343, -0.5849453156109851, -0.5792776777290186]}",ok,,,,sklearn.feature_selection._univariate_selection.SelectPercentile,"{'percentile': 37.4923233490738, 'score_func': 'f_classif'}",sklearn.ensemble._forest.RandomForestClassifier,"{'bootstrap': 'True', 'criterion': 'gini', 'max_depth': 'None', 'max_features': 0.5167230111958, 'max_leaf_nodes': 'None', 'min_impurity_decrease': 0.0, 'min_samples_leaf': 4, 'min_samples_split': 4, 'min_weight_fraction_leaf': 0.0}"
100,1784636938.9314773,3.293403387069702,"Pipeline(steps=[('feature-pre-processor', SelectPercentile(percentile=78)),
                ('learner',
                 RandomForestClassifier(max_features=22, min_samples_leaf=14,
                                        n_estimators=512, warm_start=True))])",False,0.7397,0.7407,-0.5567,True,"{'f1_macro': [0.8916129032258064, 0.6664092664092665, 0.7078260869565217, 0.8541666666666667, 0.6521739130434783, 0.6660869565217391], 'accuracy': [0.8928571428571429, 0.6666666666666666, 0.7083333333333334, 0.8571428571428571, 0.6527777777777778, 0.6666666666666666], 'neg_log_loss': [-0.4752492352752925, -0.6001707917224653, -0.5896179442238016, -0.47823535382286536, -0.6084763516648576, -0.5886150660476401]}",ok,,,,sklearn.feature_selection._univariate_selection.SelectPercentile,"{'percentile': 78.1494710245762, 'score_func': 'f_classif'}",sklearn.ensemble._forest.RandomForestClassifier,"{'bootstrap': 'True', 'criterion': 'gini', 'max_depth': 'None', 'max_features': 0.4689830513454, 'max_leaf_nodes': 'None', 'min_impurity_decrease': 0.0, 'min_samples_leaf': 14, 'min_samples_split': 2, 'min_weight_fraction_leaf': 0.0}"
31,1784636483.7337897,3.9416611194610596,"Pipeline(steps=[('feature-pre-processor', SelectPercentile(percentile=57)),
                ('learner',
                 RandomForestClassifier(bootstrap=False, criterion='entropy',
                                        max_features=13, min_samples_leaf=2,
                                        min_samples_split=17, n_estimators=512,
                                        warm_start=True))])",False,0.7391,0.7403,-0.5364,True,"{'f1_macro': [0.8916129032258064, 0.6521739130434783, 0.6862745098039216, 0.8916129032258064, 0.6377708978328174, 0.6753572597360096], 'accuracy': [0.8928571428571429, 0.6527777777777778, 0.6875, 0.8928571428571429, 0.6388888888888888, 0.6770833333333334], 'neg_log_loss': [-0.41793971572905886, -0.6154085703592513, -0.578603325777712, -0.41898662971822903, -0.6103771955203565, -0.5770417683882676]}",ok,,,,sklearn.feature_selection._univariate_selection.SelectPercentile,"{'percentile': 57.8563096305706, 'score_func': 'f_classif'}",sklearn.ensemble._forest.RandomForestClassifier,"{'bootstrap': 'False', 'criterion': 'entropy', 'max_depth': 'None', 'max_features': 0.3922436550958, 'max_leaf_nodes': 'None', 'min_impurity_decrease': 0.0, 'min_samples_leaf': 2, 'min_samples_split': 17, 'min_weight_fraction_leaf': 0.0}"
61,1784636704.0539145,3.058422803878784,"Pipeline(steps=[('feature-pre-processor', SelectPercentile(percentile=53)),
                ('learner',
                 RandomForestClassifier(bootstrap=False, criterion='entropy',
                                        max_features=11, min_samples_leaf=11,
                                        min_samples_split=15, n_estimators=512,
                                        warm_start=True))])",False,0.7358,0.7373,-0.5483,True,"{'f1_macro': [0.8541666666666667, 0.6664092664092665, 0.6753572597360096, 0.8916129032258064, 0.6521739130434783, 0.6753572597360096], 'accuracy': [0.8571428571428571, 0.6666666666666666, 0.6770833333333334, 0.8928571428571429, 0.6527777777777778, 0.6770833333333334], 'neg_log_loss': [-0.44820805508258993, -0.6080386861154853, -0.5821375742788488, -0.4527753970650537, -0.6073160614916593, -0.5912620334107547]}",ok,,,,sklearn.feature_selection._univariate_selection.SelectPercentile,"{'percentile': 53.5493952671737, 'score_func': 'f_classif'}",sklearn.ensemble._forest.RandomForestClassifier,"{'bootstrap': 'False', 'criterion': 'entropy', 'max_depth': 'None', 'max_features': 0.3649241846142, 'max_leaf_nodes': 'None', 'min_impurity_decrease': 0.0, 'min_samples_leaf': 11, 'min_samples_split': 15, 'min_weight_fraction_leaf': 0.0}"
71,1784636769.0231597,2.947559118270874,"Pipeline(steps=[('feature-pre-processor', SelectPercentile(percentile=62)),
                ('learner',
                 RandomForestClassifier(max_features=9, min_samples_leaf=10,
                                        min_samples_split=9, n_estimators=512,
                                        warm_start=True))])",False,0.7358,0.7379,-0.555,True,"{'f1_macro': [0.8155467720685112, 0.6666666666666666, 0.7393287715868362, 0.8155467720685112, 0.6799999999999999, 0.6978838849701574], 'accuracy': [0.8214285714285714, 0.6666666666666666, 0.7395833333333334, 0.8214285714285714, 0.6805555555555556, 0.6979166666666666], 'neg_log_loss': [-0.49172954471167707, -0.5870194635304206, -0.5867153939146057, -0.4864512216070104, -0.5865507642561496, -0.5916105532565875]}",ok,,,,sklearn.feature_selection._univariate_selection.SelectPercentile,"{'percentile': 62.9276051526168, 'score_func': 'f_classif'}",sklearn.ensemble._forest.RandomForestClassifier,"{'bootstrap': 'True', 'criterion': 'gini', 'max_depth': 'None', 'max_features': 0.3371522419217, 'max_leaf_nodes': 'None', 'min_impurity_decrease': 0.0, 'min_samples_leaf': 10, 'min_samples_split': 9, 'min_weight_fraction_leaf': 0.0}"
1,1784636426.0791464,1.1697041988372803,"Pipeline(steps=[('learner', RandomForestClassifier())])",True,0.7343,0.7396,-0.55,True,"{'f1_macro': [0.8916129032258064, 0.60625, 0.716256157635468, 0.8564102564102565, 0.6201298701298701, 0.7150082462891698], 'accuracy': [0.8928571428571429, 0.6111111111111112, 0.71875, 0.8571428571428571, 0.6388888888888888, 0.71875], 'neg_log_loss': [-0.4343138284055284, -0.6305590712764988, -0.5923989575517012, -0.43435630298219247, -0.6185718714977914, -0.5895525156295757]}",ok,,,,,,sklearn.ensemble._forest.RandomForestClassifier,
77,1784636772.031381,8.837396383285522,"Pipeline(steps=[('feature-pre-processor',
                 SelectPercentile(percentile=54,
                                  score_func=<function mutual_info_classif at 0x70f8a8c6e050>)),
                ('learner',
                 RandomForestClassifier(max_features=13, min_samples_leaf=9,
                                        min_samples_split=14, n_estimators=512,
                                        warm_start=True))])",False,0.7336,0.7354,-0.5486,True,"{'f1_macro': [0.8541666666666667, 0.6521739130434783, 0.6862745098039216, 0.8541666666666667, 0.6377708978328174, 0.7172466455765245], 'accuracy': [0.8571428571428571, 0.6527777777777778, 0.6875, 0.8571428571428571, 0.6388888888888888, 0.71875], 'neg_log_loss': [-0.4661311697765696, -0.5995893588658174, -0.5838944394367706, -0.4581491682771139, -0.6041698528115401, -0.5794979793161616]}",ok,,,,sklearn.feature_selection._univariate_selection.SelectPercentile,"{'percentile': 54.2706783400846, 'score_func': 'mutual_info'}",sklearn.ensemble._forest.RandomForestClassifier,"{'bootstrap': 'True', 'criterion': 'gini', 'max_depth': 'None', 'max_features': 0.3932016193187, 'max_leaf_nodes': 'None', 'min_impurity_decrease': 0.0, 'min_samples_leaf': 9, 'min_samples_split': 14, 'min_weight_fraction_leaf': 0.0}"
101,1784636942.2274146,2.171473741531372,"Pipeline(steps=[('feature-pre-processor', SelectPercentile(percentile=69)),
                ('learner',
                 RandomForestClassifier(bootstrap=False, max_features=3,
                                        min_samples_leaf=10,
                                        min_samples_split=15, n_estimators=512,
                                        warm_start=True))])",False,0.7318,0.7339,-0.5628,True,"{'f1_macro': [0.8155467720685112, 0.6804939224387421, 0.6970949842236971, 0.8155467720685112, 0.6944444444444444, 0.6875], 'accuracy': [0.8214285714285714, 0.6805555555555556, 0.6979166666666666, 0.8214285714285714, 0.6944444444444444, 0.6875], 'neg_log_loss': [-0.5054536923930765, -0.5826936066441307, -0.5939881580926479, -0.510788867021113, -0.5913996483127757, -0.5926475997281897]}",ok,,,,sklearn.feature_selection._univariate_selection.SelectPercentile,"{'percentile': 69.396871437275, 'score_func': 'f_classif'}",sklearn.ensemble._forest.RandomForestClassifier,"{'bootstrap': 'False', 'criterion': 'gini', 'max_depth': 'None', 'max_features': 0.1905593199804, 'max_leaf_nodes': 'None', 'min_impurity_decrease': 0.0, 'min_samples_leaf': 10, 'min_samples_split': 15, 'min_weight_fraction_leaf': 0.0}"
94,1784636876.7148561,48.085529804229736,"Pipeline(steps=[('feature-pre-processor', SelectPercentile(percentile=79)),
                ('learner',
                 RandomForestClassifier(criterion='entropy', max_features=694,
                                        min_samples_leaf=2, min_samples_split=6,
                                        n_estimators=512, warm_start=True))])",False,0.7314,0.7345,-0.5614,True,"{'f1_macro': [0.8916129032258064, 0.5908289241622575, 0.696301952656267, 0.8916129032258064, 0.6317859952793077, 0.6862745098039216], 'accuracy': [0.8928571428571429, 0.5972222222222222, 0.6979166666666666, 0.8928571428571429, 0.6388888888888888, 0.6875], 'neg_log_loss': [-0.4200167857230568, -0.6945184300848538, -0.5794769227622499, -0.4258592938629201, -0.6829953627573255, -0.5652883435289215]}",ok,,,,sklearn.feature_selection._univariate_selection.SelectPercentile,"{'percentile': 79.7289683822208, 'score_func': 'f_classif'}",sklearn.ensemble._forest.RandomForestClassifier,"{'bootstrap': 'True', 'criterion': 'entropy', 'max_depth': 'None', 'max_features': 0.9822109263153, 'max_leaf_nodes': 'None', 'min_impurity_decrease': 0.0, 'min_samples_leaf': 2, 'min_samples_split': 6, 'min_weight_fraction_leaf': 0.0}"
78,1784636780.8714652,2.963325023651123,"Pipeline(steps=[('feature-pre-processor', SelectPercentile(percentile=97)),
                ('learner',
                 RandomForestClassifier(criterion='entropy', max_features=4,
                                        min_samples_leaf=3, min_samples_split=7,
                                        n_estimators=512, warm_start=True))])",False,0.731,0.7329,-0.5566,True,"{'f1_macro': [0.8541666666666667, 0.6804939224387421, 0.6970949842236971, 0.8155467720685112, 0.6527107852595022, 0.6862745098039216], 'accuracy': [0.8571428571428571, 0.6805555555555556, 0.6979166666666666, 0.8214285714285714, 0.6527777777777778, 0.6875], 'neg_log_loss': [-0.47229061812127193, -0.592327588309621, -0.5946461547201299, -0.4768011798307694, -0.603915632550115, -0.5993382752962809]}",ok,,,,sklearn.feature_selection._univariate_selection.SelectPercentile,"{'percentile': 97.8518460779351, 'score_func': 'f_classif'}",sklearn.ensemble._forest.RandomForestClassifier,"{'bootstrap': 'True', 'criterion': 'entropy', 'max_depth': 'None', 'max_features': 0.223568664124, 'max_leaf_nodes': 'None', 'min_impurity_decrease': 0.0, 'min_samples_leaf': 3, 'min_samples_split': 7, 'min_weight_fraction_leaf': 0.0}"
111,1784637032.391354,2.8314924240112305,"Pipeline(steps=[('feature-pre-processor', SelectPercentile(percentile=71)),
                ('learner',
                 RandomForestClassifier(criterion='entropy', max_features=5,
                                        min_samples_leaf=11,
                                        min_samples_split=7, n_estimators=512,
                                        warm_start=True))])",False,0.7307,0.7327,-0.5667,True,"{'f1_macro': [0.8155467720685112, 0.6804939224387421, 0.7290490664350847, 0.8155467720685112, 0.6666666666666666, 0.6770482908301683], 'accuracy': [0.8214285714285714, 0.6805555555555556, 0.7291666666666666, 0.8214285714285714, 0.6666666666666666, 0.6770833333333334], 'neg_log_loss': [-0.5104033574793307, -0.5876430742210843, -0.6011236605104503, -0.5027113271378753, -0.5959196939375437, -0.6025860520439998]}",ok,,,,sklearn.feature_selection._univariate_selection.SelectPercentile,"{'percentile': 71.7556932284814, 'score_func': 'f_classif'}",sklearn.ensemble._forest.RandomForestClassifier,"{'bootstrap': 'True', 'criterion': 'entropy', 'max_depth': 'None', 'max_features': 0.2559551501663, 'max_leaf_nodes': 'None', 'min_impurity_decrease': 0.0, 'min_samples_leaf': 11, 'min_samples_split': 7, 'min_weight_fraction_leaf': 0.0}"
88,1784636842.2871723,2.9551069736480713,"Pipeline(steps=[('feature-pre-processor', SelectPercentile(percentile=84)),
                ('learner',
                 RandomForestClassifier(max_features=9, min_samples_leaf=10,
                                        min_samples_split=17, n_estimators=512,
                                        warm_start=True))])",False,0.7303,0.7327,-0.5584,True,"{'f1_macro': [0.8155467720685112, 0.6944444444444444, 0.6853146853146853, 0.8155467720685112, 0.6942084942084943, 0.6767676767676767], 'accuracy': [0.8214285714285714, 0.6944444444444444, 0.6875, 0.8214285714285714, 0.6944444444444444, 0.6770833333333334], 'neg_log_loss': [-0.4948580807912951, -0.5954049777714191, -0.5899631426297111, -0.4855434078028655, -0.5945283621240421, -0.590000861645516]}",ok,,,,sklearn.feature_selection._univariate_selection.SelectPercentile,"{'percentile': 84.924847951862, 'score_func': 'f_classif'}",sklearn.ensemble._forest.RandomForestClassifier,"{'bootstrap': 'True', 'criterion': 'gini', 'max_depth': 'None', 'max_features': 0.3440038144958, 'max_leaf_nodes': 'None', 'min_impurity_decrease': 0.0, 'min_samples_leaf': 10, 'min_samples_split': 17, 'min_weight_fraction_leaf': 0.0}"
0,1784636424.9079194,0.5625219345092773,"Pipeline(steps=[('learner', ExtraTreesClassifier())])",True,0.7298,0.7309,-0.5452,True,"{'f1_macro': [0.8541666666666667, 0.6386100386100386, 0.6767676767676767, 0.8916129032258064, 0.6521739130434783, 0.6653594771241831], 'accuracy': [0.8571428571428571, 0.6388888888888888, 0.6770833333333334, 0.8928571428571429, 0.6527777777777778, 0.6666666666666666], 'neg_log_loss': [-0.4200889562011284, -0.6181691291062861, -0.5981546521555225, -0.44896778916313845, -0.6014314099783693, -0.5846481299503049]}",ok,,,,,,sklearn.ensemble._forest.ExtraTreesClassifier,
110,1784637023.901192,8.487502336502075,"Pipeline(steps=[('feature-pre-processor',
                 SelectPercentile(percentile=62,
                                  score_func=<function mutual_info_classif at 0x70f8a8c6e050>)),
                ('learner',
                 RandomForestClassifier(criterion='entropy', max_features=2,
                                        min_samples_leaf=3,
                                        min_samples_split=12, n_estimators=512,
                                        warm_start=True))])",False,0.7293,0.7316,-0.5623,True,"{'f1_macro': [0.8155467720685112, 0.6942084942084943, 0.6869565217391305, 0.8155467720685112, 0.6664092664092665, 0.6970949842236971], 'accuracy': [0.8214285714285714, 0.6944444444444444, 0.6875, 0.8214285714285714, 0.6666666666666666, 0.6979166666666666], 'neg_log_loss': [-0.4988868715782373, -0.5878394393120085, -0.6040678714951118, -0.4928772817850194, -0.59334102396404, -0.5967013250383469]}",ok,,,,sklearn.feature_selection._univariate_selection.SelectPercentile,"{'percentile': 62.6948722779174, 'score_func': 'mutual_info'}",sklearn.ensemble._forest.RandomForestClassifier,"{'bootstrap': 'True', 'criterion': 'entropy', 'max_depth': 'None', 'max_features': 0.1545574933441, 'max_leaf_nodes': 'None', 'min_impurity_decrease': 0.0, 'min_samples_leaf': 3, 'min_samples_split': 12, 'min_weight_fraction_leaf': 0.0}"
52,1784636626.0959656,22.70524287223816,"Pipeline(steps=[('feature-pre-processor',
                 SelectPercentile(percentile=72,
                                  score_func=<function mutual_info_classif at 0x70f8a8c6e050>)),
                ('learner',
                 RandomForestClassifier(max_features=260, min_samples_leaf=3,
                                        min_samples_split=6, n_estimators=512,
                                        warm_start=True))])",False,0.7292,0.734,-0.5484,True,"{'f1_macro': [0.8916129032258064, 0.6123629112662015, 0.6643356643356644, 0.8916129032258064, 0.6285714285714286, 0.6869565217391305], 'accuracy': [0.8928571428571429, 0.625, 0.6666666666666666, 0.8928571428571429, 0.6388888888888888, 0.6875], 'neg_log_loss': [-0.41138742108724996, -0.6736208094887066, -0.5716410525070837, -0.4153356427464118, -0.6525497654799185, -0.5661382180531205]}",ok,,,,sklearn.feature_selection._univariate_selection.SelectPercentile,"{'percentile': 72.5910726849277, 'score_func': 'mutual_info'}",sklearn.ensemble._forest.RandomForestClassifier,"{'bootstrap': 'True', 'criterion': 'gini', 'max_depth': 'None', 'max_features': 0.8349722490496, 'max_leaf_nodes': 'None', 'min_impurity_decrease': 0.0, 'min_samples_leaf': 3, 'min_samples_split': 6, 'min_weight_fraction_leaf': 0.0}"
106,1784637002.2305007,19.466644287109375,"Pipeline(steps=[('feature-pre-processor',
                 SelectPercentile(percentile=60,
                                  score_func=<function mutual_info_classif at 0x70f8a8c6e050>)),
                ('learner',
                 RandomForestClassifier(criterion='entropy', max_features=152,
                                        min_samples_split=15, n_estimators=512,
                                        warm_start=True))])",False,0.7287,0.734,-0.5605,True,"{'f1_macro': [0.8916129032258064, 0.6, 0.7051338306274681, 0.8916129032258064, 0.6, 0.6840719613865731], 'accuracy': [0.8928571428571429, 0.6111111111111112, 0.7083333333333334, 0.8928571428571429, 0.6111111111111112, 0.6875], 'neg_log_loss': [-0.41862678515774226, -0.6811923884630635, -0.5774160987917997, -0.42144663907768676, -0.6898009789651649, -0.5745879429917635]}",ok,,,,sklearn.feature_selection._univariate_selection.SelectPercentile,"{'percentile': 60.7203377335651, 'score_func': 'mutual_info'}",sklearn.ensemble._forest.RandomForestClassifier,"{'bootstrap': 'True', 'criterion': 'entropy', 'max_depth': 'None', 'max_features': 0.7545359829481, 'max_leaf_nodes': 'None', 'min_impurity_decrease': 0.0, 'min_samples_leaf': 1, 'min_samples_split': 15, 'min_weight_fraction_leaf': 0.0}"
79,1784636783.8373506,12.544313907623291,"Pipeline(steps=[('feature-pre-processor',
                 SelectPercentile(percentile=12,
                                  score_func=<function mutual_info_classif at 0x70f8a8c6e050>)),
                ('learner',
                 RandomForestClassifier(max_features=277, min_samples_leaf=7,
                                        min_samples_split=19, n_estimators=512,
                                        warm_start=True))])",False,0.7283,0.7305,-0.5509,True,"{'f1_macro': [0.8916129032258064, 0.5908289241622575, 0.6862745098039216, 0.8916129032258064, 0.6231827873618918, 0.6862745098039216], 'accuracy': [0.8928571428571429, 0.5972222222222222, 0.6875, 0.8928571428571429, 0.625, 0.6875], 'neg_log_loss': [-0.3985069460585766, -0.65480974673545, -0.5869845050175502, -0.41277365169145763, -0.6605641106648237, -0.5914954270457095]}",ok,,,,sklearn.feature_selection._univariate_selection.SelectPercentile,"{'percentile': 12.6086956314472, 'score_func': 'mutual_info'}",sklearn.ensemble._forest.RandomForestClassifier,"{'bootstrap': 'True', 'criterion': 'gini', 'max_depth': 'None', 'max_features': 0.8446237474088, 'max_leaf_nodes': 'None', 'min_impurity_decrease': 0.0, 'min_samples_leaf': 7, 'min_samples_split': 19, 'min_weight_fraction_leaf': 0.0}"
66,1784636717.0595872,9.866925954818726,"Pipeline(steps=[('feature-pre-processor', SelectPercentile(percentile=26)),
                ('learner',
                 RandomForestClassifier(criterion='entropy', max_features=564,
                                        min_samples_leaf=16,
                                        min_samples_split=12, n_estimators=512,
                                        warm_start=True))])",False,0.7278,0.7284,-0.5658,True,"{'f1_macro': [0.8564102564102565, 0.6656346749226006, 0.6456795484151108, 0.8564102564102565, 0.6656346749226006, 0.6770482908301683], 'accuracy': [0.8571428571428571, 0.6666666666666666, 0.6458333333333334, 0.8571428571428571, 0.6666666666666666, 0.6770833333333334], 'neg_log_loss': [-0.5046821069060161, -0.6003891364386046, -0.5936439621114559, -0.492140908621654, -0.6082881012073276, -0.5955260061377744]}",ok,,,,sklearn.feature_selection._univariate_selection.SelectPercentile,"{'percentile': 26.4259916802324, 'score_func': 'f_classif'}",sklearn.ensemble._forest.RandomForestClassifier,"{'bootstrap': 'True', 'criterion': 'entropy', 'max_depth': 'None', 'max_features': 0.9511831214696, 'max_leaf_nodes': 'None', 'min_impurity_decrease': 0.0, 'min_samples_leaf': 16, 'min_samples_split': 12, 'min_weight_fraction_leaf': 0.0}"
103,1784636944.4138212,2.346090793609619,"Pipeline(steps=[('feature-pre-processor', SelectPercentile(percentile=82)),
                ('learner',
                 RandomForestClassifier(bootstrap=False, max_features=6,
                                        min_samples_leaf=15,
                                        min_samples_split=17, n_estimators=512,
                                        warm_start=True))])",False,0.7269,0.7298,-0.5598,True,"{'f1_macro': [0.8155467720685112, 0.6804939224387421, 0.6869565217391305, 0.8155467720685112, 0.6804939224387421, 0.6825396825396826], 'accuracy': [0.8214285714285714, 0.6805555555555556, 0.6875, 0.8214285714285714, 0.6805555555555556, 0.6875], 'neg_log_loss': [-0.48910704926595117, -0.5967640564128406, -0.5938731654202584, -0.489184867030313, -0.5968275074376346, -0.5930489785636838]}",ok,,,,sklearn.feature_selection._univariate_selection.SelectPercentile,"{'percentile': 82.115092222621, 'score_func': 'f_classif'}",sklearn.ensemble._forest.RandomForestClassifier,"{'bootstrap': 'False', 'criterion': 'gini', 'max_depth': 'None', 'max_features': 0.2765019819645, 'max_leaf_nodes': 'None', 'min_impurity_decrease': 0.0, 'min_samples_leaf': 15, 'min_samples_split': 17, 'min_weight_fraction_leaf': 0.0}"
120,1784637072.6861172,3.3948123455047607,"Pipeline(steps=[('feature-pre-processor', SelectPercentile(percentile=62)),
                ('learner',
                 RandomForestClassifier(criterion='entropy', max_features=24,
                                        min_samples_leaf=17,
                                        min_samples_split=12, n_estimators=512,
                                        warm_start=True))])",False,0.7265,0.7287,-0.5611,True,"{'f1_macro': [0.8155467720685112, 0.6386100386100386, 0.718475073313783, 0.8155467720685112, 0.6521739130434783, 0.718475073313783], 'accuracy': [0.8214285714285714, 0.6388888888888888, 0.71875, 0.8214285714285714, 0.6527777777777778, 0.71875], 'neg_log_loss': [-0.4923180129640197, -0.6004621208464488, -0.5921586865190472, -0.4897003443158581, -0.6006037318555693, -0.5913557905344385]}",ok,,,,sklearn.feature_selection._univariate_selection.SelectPercentile,"{'percentile': 62.2450428666849, 'score_func': 'f_classif'}",sklearn.ensemble._forest.RandomForestClassifier,"{'bootstrap': 'True', 'criterion': 'entropy', 'max_depth': 'None', 'max_features': 0.4785572494321, 'max_leaf_nodes': 'None', 'min_impurity_decrease': 0.0, 'min_samples_leaf': 17, 'min_samples_split': 12, 'min_weight_fraction_leaf': 0.0}"
95,1784636924.803139,8.074850082397461,"Pipeline(steps=[('feature-pre-processor',
                 SelectPercentile(percentile=27,
                                  score_func=<function mutual_info_classif at 0x70f8a8c6e050>)),
                ('learner',
                 RandomForestClassifier(bootstrap=False, max_features=7,
                                        min_samples_leaf=18,
                                        min_samples_split=14, n_estimators=512,
                                        warm_start=True))])",False,0.7253,0.728,-0.5539,True,"{'f1_macro': [0.8541666666666667, 0.6083916083916084, 0.6938977460142935, 0.8916129032258064, 0.6083916083916084, 0.6952380952380952], 'accuracy': [0.8571428571428571, 0.6111111111111112, 0.6979166666666666, 0.8928571428571429, 0.6111111111111112, 0.6979166666666666], 'neg_log_loss': [-0.4406204994001806, -0.6273840036657802, -0.5903042196234236, -0.44182896342273, -0.6298756479393006, -0.5935351151129605]}",ok,,,,sklearn.feature_selection._univariate_selection.SelectPercentile,"{'percentile': 27.0234147154159, 'score_func': 'mutual_info'}",sklearn.ensemble._forest.RandomForestClassifier,"{'bootstrap': 'False', 'criterion': 'gini', 'max_depth': 'None', 'max_features': 0.2981424508133, 'max_leaf_nodes': 'None', 'min_impurity_decrease': 0.0, 'min_samples_leaf': 18, 'min_samples_split': 14, 'min_weight_fraction_leaf': 0.0}"
70,1784636766.7604144,2.260003089904785,"Pipeline(steps=[('feature-pre-processor', SelectPercentile(percentile=78)),
                ('learner',
                 RandomForestClassifier(bootstrap=False, criterion='entropy',
                                        max_features=3, min_samples_leaf=11,
                                        min_samples_split=13, n_estimators=512,
                                        warm_start=True))])",False,0.7244,0.7273,-0.5649,True,"{'f1_macro': [0.7754010695187166, 0.6944444444444444, 0.6970949842236971, 0.8155467720685112, 0.6666666666666666, 0.6970949842236971], 'accuracy': [0.7857142857142857, 0.6944444444444444, 0.6979166666666666, 0.8214285714285714, 0.6666666666666666, 0.6979166666666666], 'neg_log_loss': [-0.5084769245607651, -0.5888252625753752, -0.5974959544502679, -0.5057005259289915, -0.5924327299854997, -0.5963593592158906]}",ok,,,,sklearn.feature_selection._univariate_selection.SelectPercentile,"{'percentile': 78.7349568281568, 'score_func': 'f_classif'}",sklearn.ensemble._forest.RandomForestClassifier,"{'bootstrap': 'False', 'criterion': 'entropy', 'max_depth': 'None', 'max_features': 0.1874408608095, 'max_leaf_nodes': 'None', 'min_impurity_decrease': 0.0, 'min_samples_leaf': 11, 'min_samples_split': 13, 'min_weight_fraction_leaf': 0.0}"
51,1784636623.1314497,2.9619195461273193,"Pipeline(steps=[('feature-pre-processor', SelectPercentile(percentile=76)),
                ('learner',
                 RandomForestClassifier(bootstrap=False, criterion='entropy',
                                        max_features=6, min_samples_leaf=3,
                                        min_samples_split=3, n_estimators=512,
                                        warm_start=True))])",False,0.7234,0.7264,-0.5429,True,"{'f1_macro': [0.8155467720685112, 0.6944444444444444, 0.6643356643356644, 0.8155467720685112, 0.6664092664092665, 0.6840719613865731], 'accuracy': [0.8214285714285714, 0.6944444444444444, 0.6666666666666666, 0.8214285714285714, 0.6666666666666666, 0.6875], 'neg_log_loss': [-0.45342739411510546, -0.5885296766065207, -0.577028924844901, -0.45043831210165697, -0.6009615661994057, -0.5867632731135123]}",ok,,,,sklearn.feature_selection._univariate_selection.SelectPercentile,"{'percentile': 76.2228856584553, 'score_func': 'f_classif'}",sklearn.ensemble._forest.RandomForestClassifier,"{'bootstrap': 'False', 'criterion': 'entropy', 'max_depth': 'None', 'max_features': 0.2919139654872, 'max_leaf_nodes': 'None', 'min_impurity_decrease': 0.0, 'min_samples_leaf': 3, 'min_samples_split': 3, 'min_weight_fraction_leaf': 0.0}"
98,1784636936.596484,2.320774793624878,"Pipeline(steps=[('feature-pre-processor', SelectPercentile(percentile=14)),
                ('learner',
                 RandomForestClassifier(bootstrap=False, criterion='entropy',
                                        max_features=3, min_samples_leaf=5,
                                        min_samples_split=18, n_estimators=512,
                                        warm_start=True))])",False,0.7234,0.7244,-0.5436,True,"{'f1_macro': [0.8541666666666667, 0.6388888888888888, 0.6770482908301683, 0.8541666666666667, 0.6388888888888888, 0.6770482908301683], 'accuracy': [0.8571428571428571, 0.6388888888888888, 0.6770833333333334, 0.8571428571428571, 0.6388888888888888, 0.6770833333333334], 'neg_log_loss': [-0.4676727101748249, -0.5926303092086367, -0.5720767535524044, -0.4728286311430799, -0.5923649650210039, -0.5640624985874144]}",ok,,,,sklearn.feature_selection._univariate_selection.SelectPercentile,"{'percentile': 14.4290663038661, 'score_func': 'f_classif'}",sklearn.ensemble._forest.RandomForestClassifier,"{'bootstrap': 'False', 'criterion': 'entropy', 'max_depth': 'None', 'max_features': 0.1947762999995, 'max_leaf_nodes': 'None', 'min_impurity_decrease': 0.0, 'min_samples_leaf': 5, 'min_samples_split': 18, 'min_weight_fraction_leaf': 0.0}"
112,1784637035.22546,6.760136604309082,"Pipeline(steps=[('feature-pre-processor', SelectPercentile(percentile=85)),
                ('learner',
                 RandomForestClassifier(max_features=158, min_samples_leaf=18,
                                        min_samples_split=11, n_estimators=512,
                                        warm_start=True))])",False,0.7233,0.7253,-0.5667,True,"{'f1_macro': [0.8916129032258064, 0.5933787731256086, 0.7078260869565217, 0.8916129032258064, 0.578125, 0.6770482908301683], 'accuracy': [0.8928571428571429, 0.5972222222222222, 0.7083333333333334, 0.8928571428571429, 0.5833333333333334, 0.6770833333333334], 'neg_log_loss': [-0.4696484923841399, -0.6272985255982486, -0.5935130758763862, -0.47317042858955344, -0.644551052687459, -0.5920021985936709]}",ok,,,,sklearn.feature_selection._univariate_selection.SelectPercentile,"{'percentile': 85.4677484698796, 'score_func': 'f_classif'}",sklearn.ensemble._forest.RandomForestClassifier,"{'bootstrap': 'True', 'criterion': 'gini', 'max_depth': 'None', 'max_features': 0.7604555400659, 'max_leaf_nodes': 'None', 'min_impurity_decrease': 0.0, 'min_samples_leaf': 18, 'min_samples_split': 11, 'min_weight_fraction_leaf': 0.0}"
86,1784636825.888237,14.41054916381836,"Pipeline(steps=[('feature-pre-processor',
                 SelectPercentile(percentile=13,
                                  score_func=<function mutual_info_classif at 0x70f8a8c6e050>)),
                ('learner',
                 RandomForestClassifier(max_features=521, min_samples_leaf=3,
                                        min_samples_split=6, n_estimators=512,
                                        warm_start=True))])",False,0.7223,0.7259,-0.5545,True,"{'f1_macro': [0.8916129032258064, 0.60625, 0.6840719613865731, 0.8916129032258064, 0.5751376868607396, 0.6853146853146853], 'accuracy': [0.8928571428571429, 0.6111111111111112, 0.6875, 0.8928571428571429, 0.5833333333333334, 0.6875], 'neg_log_loss': [-0.39627693040436235, -0.6867530327344757, -0.5722422350776252, -0.41750995925177375, -0.6708973222187615, -0.583403632904742]}",ok,,,,sklearn.feature_selection._univariate_selection.SelectPercentile,"{'percentile': 13.3993332052098, 'score_func': 'mutual_info'}",sklearn.ensemble._forest.RandomForestClassifier,"{'bootstrap': 'True', 'criterion': 'gini', 'max_depth': 'None', 'max_features': 0.9391267033577, 'max_leaf_nodes': 'None', 'min_impurity_decrease': 0.0, 'min_samples_leaf': 3, 'min_samples_split': 6, 'min_weight_fraction_leaf': 0.0}"
58,1784636689.7377512,2.042235851287842,"Pipeline(steps=[('feature-pre-processor', SelectPercentile(percentile=33)),
                ('learner',
                 RandomForestClassifier(bootstrap=False, max_features=1,
                                        min_samples_split=17, n_estimators=512,
                                        warm_start=True))])",False,0.7209,0.7229,-0.5653,True,"{'f1_macro': [0.8155467720685112, 0.6527107852595022, 0.6873643074250977, 0.8155467720685112, 0.6666666666666666, 0.6873643074250977], 'accuracy': [0.8214285714285714, 0.6527777777777778, 0.6875, 0.8214285714285714, 0.6666666666666666, 0.6875], 'neg_log_loss': [-0.5216808952324523, -0.5787172835839671, -0.5946496631404117, -0.5218723817334745, -0.5857328517251746, -0.5892942116797216]}",ok,,,,sklearn.feature_selection._univariate_selection.SelectPercentile,"{'percentile': 33.753406616781, 'score_func': 'f_classif'}",sklearn.ensemble._forest.RandomForestClassifier,"{'bootstrap': 'False', 'criterion': 'gini', 'max_depth': 'None', 'max_features': 0.0078546812504, 'max_leaf_nodes': 'None', 'min_impurity_decrease': 0.0, 'min_samples_leaf': 1, 'min_samples_split': 17, 'min_weight_fraction_leaf': 0.0}"
123,1784637086.1965911,9.318843364715576,"Pipeline(steps=[('feature-pre-processor',
                 SelectPercentile(percentile=41,
                                  score_func=<function mutual_info_classif at 0x70f8a8c6e050>)),
                ('learner',
                 RandomForestClassifier(bootstrap=False, max_features=20,
                                        min_samples_leaf=9, min_samples_split=8,
                                        n_estimators=512, warm_start=True))])",False,0.7202,0.723,-0.5344,True,"{'f1_macro': [0.8916129032258064, 0.60625, 0.6653594771241831, 0.8916129032258064, 0.5908289241622575, 0.6753572597360096], 'accuracy': [0.8928571428571429, 0.6111111111111112, 0.6666666666666666, 0.8928571428571429, 0.5972222222222222, 0.6770833333333334], 'neg_log_loss': [-0.3889891972049212, -0.637757334294744, -0.5770038585693721, -0.37651535762950983, -0.6483868692738932, -0.5779994486236966]}",ok,,,,sklearn.feature_selection._univariate_selection.SelectPercentile,"{'percentile': 41.1232547383912, 'score_func': 'mutual_info'}",sklearn.ensemble._forest.RandomForestClassifier,"{'bootstrap': 'False', 'criterion': 'gini', 'max_depth': 'None', 'max_features': 0.4544799453918, 'max_leaf_nodes': 'None', 'min_impurity_decrease': 0.0, 'min_samples_leaf': 9, 'min_samples_split': 8, 'min_weight_fraction_leaf': 0.0}"
91,1784636862.8726122,11.10244369506836,"Pipeline(steps=[('feature-pre-processor', SelectPercentile(percentile=26)),
                ('learner',
                 RandomForestClassifier(criterion='entropy', max_features=107,
                                        min_samples_split=9, n_estimators=512,
                                        warm_start=True))])",False,0.7201,0.7205,-0.5502,True,"{'f1_macro': [0.8564102564102565, 0.6388888888888888, 0.6559139784946236, 0.8916129032258064, 0.6111111111111112, 0.6665219279201042], 'accuracy': [0.8571428571428571, 0.6388888888888888, 0.65625, 0.8928571428571429, 0.6111111111111112, 0.6666666666666666], 'neg_log_loss': [-0.4821527345497233, -0.6055749685609045, -0.5660041400899151, -0.4747671529917081, -0.6124474426214146, -0.5604042585629044]}",ok,,,,sklearn.feature_selection._univariate_selection.SelectPercentile,"{'percentile': 26.8534209280984, 'score_func': 'f_classif'}",sklearn.ensemble._forest.RandomForestClassifier,"{'bootstrap': 'True', 'criterion': 'entropy', 'max_depth': 'None', 'max_features': 0.7019785293095, 'max_leaf_nodes': 'None', 'min_impurity_decrease': 0.0, 'min_samples_leaf': 1, 'min_samples_split': 9, 'min_weight_fraction_leaf': 0.0}"
64,1784636707.138572,9.906346082687378,"Pipeline(steps=[('feature-pre-processor', SelectPercentile(percentile=67)),
                ('learner',
                 RandomForestClassifier(max_features=115, min_samples_leaf=2,
                                        min_samples_split=11, n_estimators=512,
                                        warm_start=True))])",False,0.7197,0.7224,-0.5482,True,"{'f1_macro': [0.8916129032258064, 0.6190476190476191, 0.6753572597360096, 0.8916129032258064, 0.5653359298928919, 0.6753572597360096], 'accuracy': [0.8928571428571429, 0.625, 0.6770833333333334, 0.8928571428571429, 0.5694444444444444, 0.6770833333333334], 'neg_log_loss': [-0.42293203172921473, -0.6309858186426531, -0.5786013897926655, -0.4295571945749877, -0.6415811438672082, -0.5853104171604203]}",ok,,,,sklearn.feature_selection._univariate_selection.SelectPercentile,"{'percentile': 67.584004285173, 'score_func': 'f_classif'}",sklearn.ensemble._forest.RandomForestClassifier,"{'bootstrap': 'True', 'criterion': 'gini', 'max_depth': 'None', 'max_features': 0.712528230341, 'max_leaf_nodes': 'None', 'min_impurity_decrease': 0.0, 'min_samples_leaf': 2, 'min_samples_split': 11, 'min_weight_fraction_leaf': 0.0}"
115,1784637049.7822409,9.96257472038269,"Pipeline(steps=[('feature-pre-processor', SelectPercentile(percentile=78)),
                ('learner',
                 RandomForestClassifier(bootstrap=False, max_features=87,
                                        min_samples_leaf=7, min_samples_split=6,
                                        n_estimators=512, warm_start=True))])",False,0.7194,0.721,-0.5343,True,"{'f1_macro': [0.9282051282051282, 0.5804195804195804, 0.6544125668157521, 0.9282051282051282, 0.5804195804195804, 0.6444444444444444], 'accuracy': [0.9285714285714286, 0.5833333333333334, 0.65625, 0.9285714285714286, 0.5833333333333334, 0.6458333333333334], 'neg_log_loss': [-0.3421166679747893, -0.6769173058318531, -0.5722086013249237, -0.34879090536507934, -0.6836252456542584, -0.5819468897186559]}",ok,,,,sklearn.feature_selection._univariate_selection.SelectPercentile,"{'percentile': 78.0049972350784, 'score_func': 'f_classif'}",sklearn.ensemble._forest.RandomForestClassifier,"{'bootstrap': 'False', 'criterion': 'gini', 'max_depth': 'None', 'max_features': 0.671459309131, 'max_leaf_nodes': 'None', 'min_impurity_decrease': 0.0, 'min_samples_leaf': 7, 'min_samples_split': 6, 'min_weight_fraction_leaf': 0.0}"
44,1784636571.1154954,8.918018102645874,"Pipeline(steps=[('feature-pre-processor',
                 SelectPercentile(score_func=<function mutual_info_classif at 0x70f8a8c6e050>)),
                ('learner',
                 RandomForestClassifier(bootstrap=False, criterion='entropy',
                                        max_features=19, min_samples_leaf=19,
                                        min_samples_split=11, n_estimators=512,
                                        warm_start=True))])",False,0.7189,0.723,-0.6051,True,"{'f1_macro': [0.89272030651341, 0.5875962867864902, 0.6544125668157521, 0.89272030651341, 0.6034618410700237, 0.6825396825396826], 'accuracy': [0.8928571428571429, 0.5972222222222222, 0.65625, 0.8928571428571429, 0.6111111111111112, 0.6875], 'neg_log_loss': [-0.38338390442343273, -0.8072816433024493, -0.6359915748616182, -0.38926266783410396, -0.791384169563198, -0.6233305984716521]}",ok,,,,sklearn.feature_selection._univariate_selection.SelectPercentile,"{'percentile': 10.9385684862732, 'score_func': 'mutual_info'}",sklearn.ensemble._forest.RandomForestClassifier,"{'bootstrap': 'False', 'criterion': 'entropy', 'max_depth': 'None', 'max_features': 0.4467064799133, 'max_leaf_nodes': 'None', 'min_impurity_decrease': 0.0, 'min_samples_leaf': 19, 'min_samples_split': 11, 'min_weight_fraction_leaf': 0.0}"
116,1784637059.7475383,9.3143470287323,"Pipeline(steps=[('feature-pre-processor',
                 SelectPercentile(percentile=40,
                                  score_func=<function mutual_info_classif at 0x70f8a8c6e050>)),
                ('learner',
                 RandomForestClassifier(max_features=35, min_samples_leaf=16,
                                        min_samples_split=17, n_estimators=512,
                                        warm_start=True))])",False,0.7189,0.7212,-0.5577,True,"{'f1_macro': [0.8916129032258064, 0.5933787731256086, 0.6869565217391305, 0.8916129032258064, 0.562610229276896, 0.6869565217391305], 'accuracy': [0.8928571428571429, 0.5972222222222222, 0.6875, 0.8928571428571429, 0.5694444444444444, 0.6875], 'neg_log_loss': [-0.4501268377668636, -0.625268348452805, -0.5883275376820475, -0.4568717218608015, -0.6377570211796183, -0.5877276297667865]}",ok,,,,sklearn.feature_selection._univariate_selection.SelectPercentile,"{'percentile': 40.1160528626105, 'score_func': 'mutual_info'}",sklearn.ensemble._forest.RandomForestClassifier,"{'bootstrap': 'True', 'criterion': 'gini', 'max_depth': 'None', 'max_features': 0.536294743351, 'max_leaf_nodes': 'None', 'min_impurity_decrease': 0.0, 'min_samples_leaf': 16, 'min_samples_split': 17, 'min_weight_fraction_leaf': 0.0}"
41,1784636553.526121,10.82469916343689,"Pipeline(steps=[('feature-pre-processor',
                 SelectPercentile(percentile=95,
                                  score_func=<function mutual_info_classif at 0x70f8a8c6e050>)),
                ('learner',
                 RandomForestClassifier(bootstrap=False, criterion='entropy',
                                        max_features=35, min_samples_leaf=13,
                                        min_samples_split=3, n_estimators=512,
                                        warm_start=True))])",False,0.7179,0.7212,-0.5489,True,"{'f1_macro': [0.8916129032258064, 0.5653359298928919, 0.7051338306274681, 0.8916129032258064, 0.55, 0.7037037037037037], 'accuracy': [0.8928571428571429, 0.5694444444444444, 0.7083333333333334, 0.8928571428571429, 0.5555555555555556, 0.7083333333333334], 'neg_log_loss': [-0.4045642729310193, -0.6568766857253109, -0.5851362305629558, -0.40994676957210896, -0.653116689148206, -0.5834917031652299]}",ok,,,,sklearn.feature_selection._univariate_selection.SelectPercentile,"{'percentile': 95.6423678608132, 'score_func': 'mutual_info'}",sklearn.ensemble._forest.RandomForestClassifier,"{'bootstrap': 'False', 'criterion': 'entropy', 'max_depth': 'None', 'max_features': 0.5355280431557, 'max_leaf_nodes': 'None', 'min_impurity_decrease': 0.0, 'min_samples_leaf': 13, 'min_samples_split': 3, 'min_weight_fraction_leaf': 0.0}"
83,1784636796.4192958,18.154561758041382,"Pipeline(steps=[('feature-pre-processor',
                 SelectPercentile(percentile=29,
                                  score_func=<function mutual_info_classif at 0x70f8a8c6e050>)),
                ('learner',
                 RandomForestClassifier(criterion='entropy', max_features=724,
                                        min_samples_leaf=12,
                                        min_samples_split=4, n_estimators=512,
                                        warm_start=True))])",False,0.7164,0.7212,-0.5735,True,"{'f1_macro': [0.8916129032258064, 0.6, 0.6653594771241831, 0.8916129032258064, 0.5836490528414755, 0.6660869565217391], 'accuracy': [0.8928571428571429, 0.6111111111111112, 0.6666666666666666, 0.8928571428571429, 0.5972222222222222, 0.6666666666666666], 'neg_log_loss': [-0.4295125138860613, -0.7046703485920982, -0.5920228875511024, -0.4315055855911328, -0.6921090107133917, -0.5910992847537524]}",ok,,,,sklearn.feature_selection._univariate_selection.SelectPercentile,"{'percentile': 29.3609568562089, 'score_func': 'mutual_info'}",sklearn.ensemble._forest.RandomForestClassifier,"{'bootstrap': 'True', 'criterion': 'entropy', 'max_depth': 'None', 'max_features': 0.9886242795819, 'max_leaf_nodes': 'None', 'min_impurity_decrease': 0.0, 'min_samples_leaf': 12, 'min_samples_split': 4, 'min_weight_fraction_leaf': 0.0}"
85,1784636814.5886128,11.297058582305908,"Pipeline(steps=[('feature-pre-processor',
                 SelectPercentile(percentile=73,
                                  score_func=<function mutual_info_classif at 0x70f8a8c6e050>)),
                ('learner',
                 RandomForestClassifier(bootstrap=False, max_features=62,
                                        min_samples_leaf=18,
                                        min_samples_split=4, n_estimators=512,
                                        warm_start=True))])",False,0.7159,0.7189,-0.5433,True,"{'f1_macro': [0.8916129032258064, 0.5804195804195804, 0.6825396825396826, 0.8916129032258064, 0.5653359298928919, 0.6840719613865731], 'accuracy': [0.8928571428571429, 0.5833333333333334, 0.6875, 0.8928571428571429, 0.5694444444444444, 0.6875], 'neg_log_loss': [-0.3872345058002846, -0.6546445853681061, -0.5906586878930421, -0.3836555018808652, -0.652642991578804, -0.5911582981476019]}",ok,,,,sklearn.feature_selection._univariate_selection.SelectPercentile,"{'percentile': 73.0989808502266, 'score_func': 'mutual_info'}",sklearn.ensemble._forest.RandomForestClassifier,"{'bootstrap': 'False', 'criterion': 'gini', 'max_depth': 'None', 'max_features': 0.6201005472684, 'max_leaf_nodes': 'None', 'min_impurity_decrease': 0.0, 'min_samples_leaf': 18, 'min_samples_split': 4, 'min_weight_fraction_leaf': 0.0}"
57,1784636679.9598498,9.774860382080078,"Pipeline(steps=[('feature-pre-processor',
                 SelectPercentile(percentile=39,
                                  score_func=<function mutual_info_classif at 0x70f8a8c6e050>)),
                ('learner',
                 RandomForestClassifier(bootstrap=False, criterion='entropy',
                                        max_features=31, min_samples_leaf=20,
                                        min_samples_split=6, n_estimators=512,
                                        warm_start=True))])",False,0.7149,0.7224,-0.5681,True,"{'f1_macro': [0.8916129032258064, 0.5380914194065758, 0.7019955654101996, 0.8916129032258064, 0.5875962867864902, 0.6785714285714286], 'accuracy': [0.8928571428571429, 0.5555555555555556, 0.7083333333333334, 0.8928571428571429, 0.5972222222222222, 0.6875], 'neg_log_loss': [-0.403544560570593, -0.7113507852743071, -0.5940273708327809, -0.3945113770294574, -0.7134694129653619, -0.5919035255507954]}",ok,,,,sklearn.feature_selection._univariate_selection.SelectPercentile,"{'percentile': 39.3850955266145, 'score_func': 'mutual_info'}",sklearn.ensemble._forest.RandomForestClassifier,"{'bootstrap': 'False', 'criterion': 'entropy', 'max_depth': 'None', 'max_features': 0.5185615202087, 'max_leaf_nodes': 'None', 'min_impurity_decrease': 0.0, 'min_samples_leaf': 20, 'min_samples_split': 6, 'min_weight_fraction_leaf': 0.0}"
90,1784636853.5870225,9.28291392326355,"Pipeline(steps=[('feature-pre-processor',
                 SelectPercentile(percentile=18,
                                  score_func=<function mutual_info_classif at 0x70f8a8c6e050>)),
                ('learner',
                 RandomForestClassifier(max_features=38, min_samples_leaf=18,
                                        min_samples_split=7, n_estimators=512,
                                        warm_start=True))])",False,0.7148,0.7182,-0.5604,True,"{'f1_macro': [0.8916129032258064, 0.5908289241622575, 0.6862745098039216, 0.8541666666666667, 0.5908289241622575, 0.6753572597360096], 'accuracy': [0.8928571428571429, 0.5972222222222222, 0.6875, 0.8571428571428571, 0.5972222222222222, 0.6770833333333334], 'neg_log_loss': [-0.42456063359550156, -0.6573926099040812, -0.5918247139246869, -0.43942483629406137, -0.6573368777093027, -0.5916765713191602]}",ok,,,,sklearn.feature_selection._univariate_selection.SelectPercentile,"{'percentile': 18.3403204803374, 'score_func': 'mutual_info'}",sklearn.ensemble._forest.RandomForestClassifier,"{'bootstrap': 'True', 'criterion': 'gini', 'max_depth': 'None', 'max_features': 0.5484774724828, 'max_leaf_nodes': 'None', 'min_impurity_decrease': 0.0, 'min_samples_leaf': 18, 'min_samples_split': 7, 'min_weight_fraction_leaf': 0.0}"
89,1784636845.2448857,8.339401483535767,"Pipeline(steps=[('feature-pre-processor',
                 SelectPercentile(percentile=53,
                                  score_func=<function mutual_info_classif at 0x70f8a8c6e050>)),
                ('learner',
                 RandomForestClassifier(max_features=1, min_samples_leaf=6,
                                        min_samples_split=20, n_estimators=512,
                                        warm_start=True))])",False,0.7147,0.7175,-0.5868,True,"{'f1_macro': [0.8155467720685112, 0.6804939224387421, 0.6869565217391305, 0.7754010695187166, 0.6527107852595022, 0.6770482908301683], 'accuracy': [0.8214285714285714, 0.6805555555555556, 0.6875, 0.7857142857142857, 0.6527777777777778, 0.6770833333333334], 'neg_log_loss': [-0.5358467632519768, -0.6090294720312968, -0.6145930592368073, -0.5332317476716643, -0.6130597179752972, -0.6148404161923406]}",ok,,,,sklearn.feature_selection._univariate_selection.SelectPercentile,"{'percentile': 53.9279580310908, 'score_func': 'mutual_info'}",sklearn.ensemble._forest.RandomForestClassifier,"{'bootstrap': 'True', 'criterion': 'gini', 'max_depth': 'None', 'max_features': 0.0364235624424, 'max_leaf_nodes': 'None', 'min_impurity_decrease': 0.0, 'min_samples_leaf': 6, 'min_samples_split': 20, 'min_weight_fraction_leaf': 0.0}"
53,1784636648.8044405,4.628993988037109,"Pipeline(steps=[('feature-pre-processor', SelectPercentile(percentile=62)),
                ('learner',
                 RandomForestClassifier(bootstrap=False, max_features=48,
                                        min_samples_leaf=20, n_estimators=512,
                                        warm_start=True))])",False,0.7143,0.7166,-0.549,True,"{'f1_macro': [0.8916129032258064, 0.5820433436532508, 0.6825396825396826, 0.8916129032258064, 0.5524475524475525, 0.6853146853146853], 'accuracy': [0.8928571428571429, 0.5833333333333334, 0.6875, 0.8928571428571429, 0.5555555555555556, 0.6875], 'neg_log_loss': [-0.41899172562552206, -0.634455727944441, -0.5843956994512661, -0.4216032293387214, -0.6465205969363095, -0.5879328239951925]}",ok,,,,sklearn.feature_selection._univariate_selection.SelectPercentile,"{'percentile': 62.2002062042356, 'score_func': 'f_classif'}",sklearn.ensemble._forest.RandomForestClassifier,"{'bootstrap': 'False', 'criterion': 'gini', 'max_depth': 'None', 'max_features': 0.5829710838496, 'max_leaf_nodes': 'None', 'min_impurity_decrease': 0.0, 'min_samples_leaf': 20, 'min_samples_split': 2, 'min_weight_fraction_leaf': 0.0}"
17,1784636457.426751,1.0046892166137695,"Pipeline(steps=[('data-pre-processor', Normalizer()),
                ('learner', RandomForestClassifier())])",True,0.714,0.7161,-0.5971,False,"{'f1_macro': [0.8212005108556832, 0.6388888888888888, 0.6938977460142935, 0.8571428571428571, 0.6656346749226006, 0.607383663092738], 'accuracy': [0.8214285714285714, 0.6388888888888888, 0.6979166666666666, 0.8571428571428571, 0.6666666666666666, 0.6145833333333334], 'neg_log_loss': [-0.5328991751497112, -0.6235929237759907, -0.6224782087801893, -0.5448932320996, -0.6020194058246714, -0.6568216915625519]}",ok,,sklearn.preprocessing._data.Normalizer,,,,sklearn.ensemble._forest.RandomForestClassifier,
46,1784636580.0481887,19.15473747253418,"Pipeline(steps=[('feature-pre-processor',
                 SelectPercentile(percentile=62,
                                  score_func=<function mutual_info_classif at 0x70f8a8c6e050>)),
                ('learner',
                 RandomForestClassifier(bootstrap=False, max_features=197,
                                        min_samples_leaf=18,
                                        min_samples_split=6, n_estimators=512,
                                        warm_start=True))])",False,0.7137,0.7185,-0.5956,True,"{'f1_macro': [0.9285714285714286, 0.5751376868607396, 0.6544125668157521, 0.89272030651341, 0.5669607056936649, 0.6643356643356644], 'accuracy': [0.9285714285714286, 0.5833333333333334, 0.65625, 0.8928571428571429, 0.5833333333333334, 0.6666666666666666], 'neg_log_loss': [-0.3890001556232045, -0.7744800204787784, -0.6230606450370005, -0.3867078042184328, -0.7804132226870277, -0.6198164177837653]}",ok,,,,sklearn.feature_selection._univariate_selection.SelectPercentile,"{'percentile': 62.1535833986551, 'score_func': 'mutual_info'}",sklearn.ensemble._forest.RandomForestClassifier,"{'bootstrap': 'False', 'criterion': 'gini', 'max_depth': 'None', 'max_features': 0.7931625477568, 'max_leaf_nodes': 'None', 'min_impurity_decrease': 0.0, 'min_samples_leaf': 18, 'min_samples_split': 6, 'min_weight_fraction_leaf': 0.0}"
92,1784636873.9779181,2.7224502563476562,"Pipeline(steps=[('feature-pre-processor', SelectPercentile(percentile=52)),
                ('learner',
                 RandomForestClassifier(max_features=2, min_samples_leaf=2,
                                        min_samples_split=12, n_estimators=512,
                                        warm_start=True))])",False,0.7117,0.7132,-0.5582,True,"{'f1_macro': [0.8541666666666667, 0.6804939224387421, 0.6562126966901791, 0.8155467720685112, 0.6388888888888888, 0.6248371689101173], 'accuracy': [0.8571428571428571, 0.6805555555555556, 0.65625, 0.8214285714285714, 0.6388888888888888, 0.625], 'neg_log_loss': [-0.49128151782135454, -0.5834665895358842, -0.5953949691410552, -0.5030247067322899, -0.5801513151164097, -0.5961369980033678]}",ok,,,,sklearn.feature_selection._univariate_selection.SelectPercentile,"{'percentile': 52.6888682319558, 'score_func': 'f_classif'}",sklearn.ensemble._forest.RandomForestClassifier,"{'bootstrap': 'True', 'criterion': 'gini', 'max_depth': 'None', 'max_features': 0.1346215525523, 'max_leaf_nodes': 'None', 'min_impurity_decrease': 0.0, 'min_samples_leaf': 2, 'min_samples_split': 12, 'min_weight_fraction_leaf': 0.0}"
22,1784636458.4589367,1.0207104682922363,"Pipeline(steps=[('data-pre-processor', VarianceThreshold()),
                ('learner', RandomForestClassifier())])",True,0.7115,0.7174,-0.5522,False,"{'f1_macro': [0.8541666666666667, 0.5909090909090908, 0.6840719613865731, 0.8541666666666667, 0.6214216163583253, 0.6643356643356644], 'accuracy': [0.8571428571428571, 0.6111111111111112, 0.6875, 0.8571428571428571, 0.625, 0.6666666666666666], 'neg_log_loss': [-0.4306208318401885, -0.6409929024306438, -0.5760096660655378, -0.43348624129018803, -0.6359525015813217, -0.5961289887805439]}",ok,,sklearn.feature_selection._variance_threshold.VarianceThreshold,,,,sklearn.ensemble._forest.RandomForestClassifier,
69,1784636764.1637177,2.5941572189331055,"Pipeline(steps=[('feature-pre-processor', SelectPercentile(percentile=21)),
                ('learner',
                 RandomForestClassifier(max_features=1, min_samples_leaf=9,
                                        min_samples_split=17, n_estimators=512,
                                        warm_start=True))])",False,0.7111,0.7156,-0.5834,True,"{'f1_macro': [0.7754010695187166, 0.6664092664092665, 0.7051338306274681, 0.7754010695187166, 0.6388888888888888, 0.7051338306274681], 'accuracy': [0.7857142857142857, 0.6666666666666666, 0.7083333333333334, 0.7857142857142857, 0.6388888888888888, 0.7083333333333334], 'neg_log_loss': [-0.5589011503714428, -0.5952988760812556, -0.5939627655413994, -0.5554936617413999, -0.5959280308598469, -0.6008568302673049]}",ok,,,,sklearn.feature_selection._univariate_selection.SelectPercentile,"{'percentile': 21.1896165526089, 'score_func': 'f_classif'}",sklearn.ensemble._forest.RandomForestClassifier,"{'bootstrap': 'True', 'criterion': 'gini', 'max_depth': 'None', 'max_features': 0.0627866935893, 'max_leaf_nodes': 'None', 'min_impurity_decrease': 0.0, 'min_samples_leaf': 9, 'min_samples_split': 17, 'min_weight_fraction_leaf': 0.0}"
59,1784636691.7826555,3.8510379791259766,"Pipeline(steps=[('feature-pre-processor', SelectPercentile(percentile=11)),
                ('learner',
                 RandomForestClassifier(bootstrap=False, max_features=31,
                                        min_samples_leaf=17,
                                        min_samples_split=9, n_estimators=512,
                                        warm_start=True))])",False,0.7105,0.7113,-0.5527,True,"{'f1_macro': [0.8193548387096774, 0.6527107852595022, 0.6562126966901791, 0.8193548387096774, 0.6386100386100386, 0.6770482908301683], 'accuracy': [0.8214285714285714, 0.6527777777777778, 0.65625, 0.8214285714285714, 0.6388888888888888, 0.6770833333333334], 'neg_log_loss': [-0.4259116681478105, -0.6395790607623172, -0.5941296524033076, -0.4265464027409121, -0.6343753692627087, -0.5953990572066511]}",ok,,,,sklearn.feature_selection._univariate_selection.SelectPercentile,"{'percentile': 11.0073734416268, 'score_func': 'f_classif'}",sklearn.ensemble._forest.RandomForestClassifier,"{'bootstrap': 'False', 'criterion': 'gini', 'max_depth': 'None', 'max_features': 0.5186961749017, 'max_leaf_nodes': 'None', 'min_impurity_decrease': 0.0, 'min_samples_leaf': 17, 'min_samples_split': 9, 'min_weight_fraction_leaf': 0.0}"
107,1784637021.6998591,2.175666332244873,"Pipeline(steps=[('feature-pre-processor', SelectPercentile(percentile=28)),
                ('learner',
                 RandomForestClassifier(bootstrap=False, max_features=4,
                                        min_samples_leaf=15,
                                        min_samples_split=11, n_estimators=512,
                                        warm_start=True))])",False,0.7089,0.7117,-0.5675,True,"{'f1_macro': [0.7754010695187166, 0.6108108108108108, 0.7082066869300911, 0.8155467720685112, 0.6249276480802624, 0.718475073313783], 'accuracy': [0.7857142857142857, 0.6111111111111112, 0.7083333333333334, 0.8214285714285714, 0.625, 0.71875], 'neg_log_loss': [-0.5202079534399788, -0.5956833394589562, -0.5823014662619856, -0.5242818351983312, -0.5980273394694685, -0.5847714713081622]}",ok,,,,sklearn.feature_selection._univariate_selection.SelectPercentile,"{'percentile': 28.5198559205256, 'score_func': 'f_classif'}",sklearn.ensemble._forest.RandomForestClassifier,"{'bootstrap': 'False', 'criterion': 'gini', 'max_depth': 'None', 'max_features': 0.2297442248271, 'max_leaf_nodes': 'None', 'min_impurity_decrease': 0.0, 'min_samples_leaf': 15, 'min_samples_split': 11, 'min_weight_fraction_leaf': 0.0}"
